code_brand	brand	url
品牌编码	品牌	网址
1	大众	https://www.dongchedi.com/auto/library-brand/1
2	奥迪	https://www.dongchedi.com/auto/library-brand/2
3	奔驰	https://www.dongchedi.com/auto/library-brand/3
4	宝马	https://www.dongchedi.com/auto/library-brand/4
5	丰田	https://www.dongchedi.com/auto/library-brand/5
6	雪佛兰	https://www.dongchedi.com/auto/library-brand/6
7	福特	https://www.dongchedi.com/auto/library-brand/7
8	长城	https://www.dongchedi.com/auto/library-brand/8
9	本田	https://www.dongchedi.com/auto/library-brand/9
10	日产	https://www.dongchedi.com/auto/library-brand/10
11	现代	https://www.dongchedi.com/auto/library-brand/11
12	别克	https://www.dongchedi.com/auto/library-brand/12
13	起亚	https://www.dongchedi.com/auto/library-brand/13
14	Jeep	https://www.dongchedi.com/auto/library-brand/14
15	马自达	https://www.dongchedi.com/auto/library-brand/15
16	比亚迪	https://www.dongchedi.com/auto/library-brand/16
17	哈弗	https://www.dongchedi.com/auto/library-brand/17
18	奇瑞	https://www.dongchedi.com/auto/library-brand/18
19	路虎	https://www.dongchedi.com/auto/library-brand/19
20	保时捷	https://www.dongchedi.com/auto/library-brand/20
21	雪铁龙	https://www.dongchedi.com/auto/library-brand/21
22	雷克萨斯	https://www.dongchedi.com/auto/library-brand/22
23	斯柯达	https://www.dongchedi.com/auto/library-brand/23
24	沃尔沃	https://www.dongchedi.com/auto/library-brand/24
25	迈巴赫	https://www.dongchedi.com/auto/library-brand/25
26	三菱	https://www.dongchedi.com/auto/library-brand/26
27	奔腾	https://www.dongchedi.com/auto/library-brand/27
28	中华	https://www.dongchedi.com/auto/library-brand/28
29	英菲尼迪	https://www.dongchedi.com/auto/library-brand/29
30	凯迪拉克	https://www.dongchedi.com/auto/library-brand/30
31	捷豹	https://www.dongchedi.com/auto/library-brand/31
32	江汽集团	https://www.dongchedi.com/auto/library-brand/32
33	斯巴鲁	https://www.dongchedi.com/auto/library-brand/33
34	名爵	https://www.dongchedi.com/auto/library-brand/34
35	长安	https://www.dongchedi.com/auto/library-brand/35
36	荣威	https://www.dongchedi.com/auto/library-brand/36
37	东风风神	https://www.dongchedi.com/auto/library-brand/37
38	讴歌	https://www.dongchedi.com/auto/library-brand/38
39	五菱汽车	https://www.dongchedi.com/auto/library-brand/39
40	广汽传祺	https://www.dongchedi.com/auto/library-brand/40
41	劳斯莱斯	https://www.dongchedi.com/auto/library-brand/41
42	兰博基尼	https://www.dongchedi.com/auto/library-brand/42
43	莲花汽车	https://www.dongchedi.com/auto/library-brand/43
44	法拉利	https://www.dongchedi.com/auto/library-brand/44
45	玛莎拉蒂	https://www.dongchedi.com/auto/library-brand/45
46	雷诺	https://www.dongchedi.com/auto/library-brand/46
47	宾利	https://www.dongchedi.com/auto/library-brand/47
48	smart	https://www.dongchedi.com/auto/library-brand/48
49	悍马	https://www.dongchedi.com/auto/library-brand/49
50	铃木	https://www.dongchedi.com/auto/library-brand/50
51	阿尔法·罗密欧	https://www.dongchedi.com/auto/library-brand/51
52	北京越野	https://www.dongchedi.com/auto/library-brand/52
53	海马	https://www.dongchedi.com/auto/library-brand/53
54	道奇	https://www.dongchedi.com/auto/library-brand/54
55	DS	https://www.dongchedi.com/auto/library-brand/55
56	菲亚特	https://www.dongchedi.com/auto/library-brand/56
57	福田	https://www.dongchedi.com/auto/library-brand/57
58	观致	https://www.dongchedi.com/auto/library-brand/58
59	红旗	https://www.dongchedi.com/auto/library-brand/59
60	北汽昌河	https://www.dongchedi.com/auto/library-brand/60
61	标致	https://www.dongchedi.com/auto/library-brand/61
62	林肯	https://www.dongchedi.com/auto/library-brand/62
63	特斯拉	https://www.dongchedi.com/auto/library-brand/63
64	众泰	https://www.dongchedi.com/auto/library-brand/64
65	MINI	https://www.dongchedi.com/auto/library-brand/65
66	魏牌	https://www.dongchedi.com/auto/library-brand/66
67	一汽	https://www.dongchedi.com/auto/library-brand/67
68	北京汽车	https://www.dongchedi.com/auto/library-brand/68
69	北汽威旺	https://www.dongchedi.com/auto/library-brand/69
70	东风风行	https://www.dongchedi.com/auto/library-brand/70
72	华泰	https://www.dongchedi.com/auto/library-brand/72
73	吉利汽车	https://www.dongchedi.com/auto/library-brand/73
74	金杯	https://www.dongchedi.com/auto/library-brand/74
75	欧宝	https://www.dongchedi.com/auto/library-brand/75
76	猎豹汽车	https://www.dongchedi.com/auto/library-brand/76
77	东南	https://www.dongchedi.com/auto/library-brand/77
78	北京汽车制造厂	https://www.dongchedi.com/auto/library-brand/78
79	东风小康	https://www.dongchedi.com/auto/library-brand/79
80	阿斯顿·马丁	https://www.dongchedi.com/auto/library-brand/80
82	布加迪	https://www.dongchedi.com/auto/library-brand/82
83	科尼赛克	https://www.dongchedi.com/auto/library-brand/83
84	克莱斯勒	https://www.dongchedi.com/auto/library-brand/84
85	莲花跑车	https://www.dongchedi.com/auto/library-brand/85
86	迈凯伦	https://www.dongchedi.com/auto/library-brand/86
87	纳智捷	https://www.dongchedi.com/auto/library-brand/87
88	帕加尼	https://www.dongchedi.com/auto/library-brand/88
89	西雅特	https://www.dongchedi.com/auto/library-brand/89
90	依维柯	https://www.dongchedi.com/auto/library-brand/90
91	东风	https://www.dongchedi.com/auto/library-brand/91
92	东风风度	https://www.dongchedi.com/auto/library-brand/92
93	北汽新能源	https://www.dongchedi.com/auto/library-brand/93
94	北汽幻速	https://www.dongchedi.com/auto/library-brand/94
95	东风风光	https://www.dongchedi.com/auto/library-brand/95
96	GMC	https://www.dongchedi.com/auto/library-brand/96
97	广汽吉奥	https://www.dongchedi.com/auto/library-brand/97
98	哈飞	https://www.dongchedi.com/auto/library-brand/98
99	华泰新能源	https://www.dongchedi.com/auto/library-brand/99
100	江铃	https://www.dongchedi.com/auto/library-brand/100
101	力帆汽车	https://www.dongchedi.com/auto/library-brand/101
102	陆风	https://www.dongchedi.com/auto/library-brand/102
103	萨博	https://www.dongchedi.com/auto/library-brand/103
104	骐铃汽车	https://www.dongchedi.com/auto/library-brand/104
105	思铭	https://www.dongchedi.com/auto/library-brand/105
106	五十铃	https://www.dongchedi.com/auto/library-brand/106
107	野马汽车	https://www.dongchedi.com/auto/library-brand/107
108	上汽大通MAXUS	https://www.dongchedi.com/auto/library-brand/108
109	启辰	https://www.dongchedi.com/auto/library-brand/109
110	欧朗	https://www.dongchedi.com/auto/library-brand/110
111	理念	https://www.dongchedi.com/auto/library-brand/111
112	蔚来	https://www.dongchedi.com/auto/library-brand/112
113	AC Schnitzer	https://www.dongchedi.com/auto/library-brand/113
114	ALPINA	https://www.dongchedi.com/auto/library-brand/114
115	安凯客车	https://www.dongchedi.com/auto/library-brand/115
116	宝沃	https://www.dongchedi.com/auto/library-brand/116
117	比速汽车	https://www.dongchedi.com/auto/library-brand/117
118	博速	https://www.dongchedi.com/auto/library-brand/118
119	长安欧尚	https://www.dongchedi.com/auto/library-brand/119
120	成功汽车	https://www.dongchedi.com/auto/library-brand/120
121	大发	https://www.dongchedi.com/auto/library-brand/121
122	福迪	https://www.dongchedi.com/auto/library-brand/122
123	新龙马汽车	https://www.dongchedi.com/auto/library-brand/123
124	光冈	https://www.dongchedi.com/auto/library-brand/124
125	海格	https://www.dongchedi.com/auto/library-brand/125
126	汉腾汽车	https://www.dongchedi.com/auto/library-brand/126
127	恒天	https://www.dongchedi.com/auto/library-brand/127
128	华凯	https://www.dongchedi.com/auto/library-brand/128
129	华利	https://www.dongchedi.com/auto/library-brand/129
130	华普	https://www.dongchedi.com/auto/library-brand/130
131	华颂	https://www.dongchedi.com/auto/library-brand/131
132	黄海	https://www.dongchedi.com/auto/library-brand/132
133	金旅	https://www.dongchedi.com/auto/library-brand/133
134	九龙	https://www.dongchedi.com/auto/library-brand/134
135	卡尔森	https://www.dongchedi.com/auto/library-brand/135
136	江铃集团新能源	https://www.dongchedi.com/auto/library-brand/136
137	卡升	https://www.dongchedi.com/auto/library-brand/137
138	卡威	https://www.dongchedi.com/auto/library-brand/138
139	开瑞	https://www.dongchedi.com/auto/library-brand/139
140	金龙	https://www.dongchedi.com/auto/library-brand/140
141	KTM	https://www.dongchedi.com/auto/library-brand/141
142	凯翼	https://www.dongchedi.com/auto/library-brand/142
143	全球鹰	https://www.dongchedi.com/auto/library-brand/143
144	LOCAL MOTORS	https://www.dongchedi.com/auto/library-brand/144
145	Lorinser	https://www.dongchedi.com/auto/library-brand/145
146	陆地方舟	https://www.dongchedi.com/auto/library-brand/146
147	摩根	https://www.dongchedi.com/auto/library-brand/147
148	创维商用车	https://www.dongchedi.com/auto/library-brand/148
149	前途	https://www.dongchedi.com/auto/library-brand/149
150	如虎	https://www.dongchedi.com/auto/library-brand/150
151	瑞麒	https://www.dongchedi.com/auto/library-brand/151
152	赛麟	https://www.dongchedi.com/auto/library-brand/152
153	陕汽通家	https://www.dongchedi.com/auto/library-brand/153
154	世爵	https://www.dongchedi.com/auto/library-brand/154
155	双环	https://www.dongchedi.com/auto/library-brand/155
156	斯达泰克	https://www.dongchedi.com/auto/library-brand/156
157	SWM斯威汽车	https://www.dongchedi.com/auto/library-brand/157
158	泰卡特	https://www.dongchedi.com/auto/library-brand/158
159	腾势	https://www.dongchedi.com/auto/library-brand/159
160	威麟	https://www.dongchedi.com/auto/library-brand/160
161	威兹曼	https://www.dongchedi.com/auto/library-brand/161
162	中国重汽VGV	https://www.dongchedi.com/auto/library-brand/162
163	双龙	https://www.dongchedi.com/auto/library-brand/163
164	新凯	https://www.dongchedi.com/auto/library-brand/164
165	Icona	https://www.dongchedi.com/auto/library-brand/165
166	永源	https://www.dongchedi.com/auto/library-brand/166
167	驭胜	https://www.dongchedi.com/auto/library-brand/167
168	知豆	https://www.dongchedi.com/auto/library-brand/168
169	中兴	https://www.dongchedi.com/auto/library-brand/169
170	之诺	https://www.dongchedi.com/auto/library-brand/170
171	长安凯程	https://www.dongchedi.com/auto/library-brand/171
172	宇通	https://www.dongchedi.com/auto/library-brand/172
173	御捷	https://www.dongchedi.com/auto/library-brand/173
174	领克	https://www.dongchedi.com/auto/library-brand/174
175	北汽道达	https://www.dongchedi.com/auto/library-brand/175
176	ARCFOX极狐	https://www.dongchedi.com/auto/library-brand/176
177	Arash	https://www.dongchedi.com/auto/library-brand/177
178	艾康尼克	https://www.dongchedi.com/auto/library-brand/178
180	长江·EV	https://www.dongchedi.com/auto/library-brand/180
183	Dacia	https://www.dongchedi.com/auto/library-brand/183
184	华骐	https://www.dongchedi.com/auto/library-brand/184
185	威马汽车	https://www.dongchedi.com/auto/library-brand/185
188	云度	https://www.dongchedi.com/auto/library-brand/188
190	君马汽车	https://www.dongchedi.com/auto/library-brand/190
191	国金汽车	https://www.dongchedi.com/auto/library-brand/191
192	拉达	https://www.dongchedi.com/auto/library-brand/192
193	SRM鑫源	https://www.dongchedi.com/auto/library-brand/193
194	裕路	https://www.dongchedi.com/auto/library-brand/194
195	小鹏汽车	https://www.dongchedi.com/auto/library-brand/195
196	Polestar极星	https://www.dongchedi.com/auto/library-brand/196
197	电咖	https://www.dongchedi.com/auto/library-brand/197
198	瑞驰	https://www.dongchedi.com/auto/library-brand/198
199	哪吒汽车	https://www.dongchedi.com/auto/library-brand/199
200	NEVS国能汽车	https://www.dongchedi.com/auto/library-brand/200
202	理想汽车	https://www.dongchedi.com/auto/library-brand/202
204	拜腾	https://www.dongchedi.com/auto/library-brand/204
205	Fisker	https://www.dongchedi.com/auto/library-brand/205
206	云雀汽车	https://www.dongchedi.com/auto/library-brand/206
207	零跑汽车	https://www.dongchedi.com/auto/library-brand/207
208	游侠	https://www.dongchedi.com/auto/library-brand/208
209	捷途	https://www.dongchedi.com/auto/library-brand/209
210	长安跨越	https://www.dongchedi.com/auto/library-brand/210
211	ABT	https://www.dongchedi.com/auto/library-brand/211
212	绿驰	https://www.dongchedi.com/auto/library-brand/212
213	Rimac	https://www.dongchedi.com/auto/library-brand/213
214	拉共达	https://www.dongchedi.com/auto/library-brand/214
215	正道汽车	https://www.dongchedi.com/auto/library-brand/215
216	塔塔	https://www.dongchedi.com/auto/library-brand/216
217	Corbellati	https://www.dongchedi.com/auto/library-brand/217
218	Zenvo	https://www.dongchedi.com/auto/library-brand/218
219	宾尼法利纳	https://www.dongchedi.com/auto/library-brand/219
220	Hennessey	https://www.dongchedi.com/auto/library-brand/220
221	泰克鲁斯·腾风	https://www.dongchedi.com/auto/library-brand/221
222	W Motors	https://www.dongchedi.com/auto/library-brand/222
223	Italdesign	https://www.dongchedi.com/auto/library-brand/223
224	Aria	https://www.dongchedi.com/auto/library-brand/224
225	奇点汽车	https://www.dongchedi.com/auto/library-brand/225
226	保斐利	https://www.dongchedi.com/auto/library-brand/226
227	昶洧	https://www.dongchedi.com/auto/library-brand/227
228	Caterham	https://www.dongchedi.com/auto/library-brand/228
229	Faraday Future	https://www.dongchedi.com/auto/library-brand/229
230	东风·瑞泰特	https://www.dongchedi.com/auto/library-brand/230
231	SERES赛力斯	https://www.dongchedi.com/auto/library-brand/231
232	爱驰	https://www.dongchedi.com/auto/library-brand/232
233	刺猬汽车	https://www.dongchedi.com/auto/library-brand/233
234	新特汽车	https://www.dongchedi.com/auto/library-brand/234
235	思皓	https://www.dongchedi.com/auto/library-brand/235
236	乔治·巴顿	https://www.dongchedi.com/auto/library-brand/236
237	广汽集团	https://www.dongchedi.com/auto/library-brand/237
238	欧拉	https://www.dongchedi.com/auto/library-brand/238
240	北京清行	https://www.dongchedi.com/auto/library-brand/240
241	红星汽车	https://www.dongchedi.com/auto/library-brand/241
242	埃安	https://www.dongchedi.com/auto/library-brand/242
244	容大智造	https://www.dongchedi.com/auto/library-brand/244
245	西尔贝	https://www.dongchedi.com/auto/library-brand/245
246	大乘汽车	https://www.dongchedi.com/auto/library-brand/246
247	领途汽车	https://www.dongchedi.com/auto/library-brand/247
248	罗夫哈特	https://www.dongchedi.com/auto/library-brand/248
249	高合	https://www.dongchedi.com/auto/library-brand/249
250	天际汽车	https://www.dongchedi.com/auto/library-brand/250
251	星途	https://www.dongchedi.com/auto/library-brand/251
252	RIVIAN	https://www.dongchedi.com/auto/library-brand/252
253	Karma	https://www.dongchedi.com/auto/library-brand/253
254	宝腾汽车	https://www.dongchedi.com/auto/library-brand/254
256	AEV ROBOTICS	https://www.dongchedi.com/auto/library-brand/256
257	Dianchè	https://www.dongchedi.com/auto/library-brand/257
258	钧天汽车	https://www.dongchedi.com/auto/library-brand/258
259	开云汽车	https://www.dongchedi.com/auto/library-brand/259
260	捷达	https://www.dongchedi.com/auto/library-brand/260
261	Mole	https://www.dongchedi.com/auto/library-brand/261
262	Piëch	https://www.dongchedi.com/auto/library-brand/262
263	博郡汽车	https://www.dongchedi.com/auto/library-brand/263
264	吉利几何	https://www.dongchedi.com/auto/library-brand/264
265	清源汽车	https://www.dongchedi.com/auto/library-brand/265
266	国机智骏	https://www.dongchedi.com/auto/library-brand/266
267	GFG Style	https://www.dongchedi.com/auto/library-brand/267
268	GYON	https://www.dongchedi.com/auto/library-brand/268
270	博世	https://www.dongchedi.com/auto/library-brand/270
271	格罗夫	https://www.dongchedi.com/auto/library-brand/271
272	迈莎锐	https://www.dongchedi.com/auto/library-brand/272
273	捷尼赛思	https://www.dongchedi.com/auto/library-brand/273
274	沃克斯豪尔	https://www.dongchedi.com/auto/library-brand/274
275	Scion	https://www.dongchedi.com/auto/library-brand/275
276	Noble	https://www.dongchedi.com/auto/library-brand/276
277	蓝旗亚	https://www.dongchedi.com/auto/library-brand/277
278	霍顿	https://www.dongchedi.com/auto/library-brand/278
279	Rinspeed	https://www.dongchedi.com/auto/library-brand/279
280	佩奇奥	https://www.dongchedi.com/auto/library-brand/280
281	Apollo	https://www.dongchedi.com/auto/library-brand/281
282	雷丁	https://www.dongchedi.com/auto/library-brand/282
283	Gumpert	https://www.dongchedi.com/auto/library-brand/283
284	弗那萨利	https://www.dongchedi.com/auto/library-brand/284
285	TVR	https://www.dongchedi.com/auto/library-brand/285
287	凯佰赫	https://www.dongchedi.com/auto/library-brand/287
288	VLF Automotive	https://www.dongchedi.com/auto/library-brand/288
289	Venturi	https://www.dongchedi.com/auto/library-brand/289
290	GAZ	https://www.dongchedi.com/auto/library-brand/290
291	Datsun	https://www.dongchedi.com/auto/library-brand/291
292	Rezvani	https://www.dongchedi.com/auto/library-brand/292
293	Elemental	https://www.dongchedi.com/auto/library-brand/293
294	Donkervoort	https://www.dongchedi.com/auto/library-brand/294
295	DeLorean	https://www.dongchedi.com/auto/library-brand/295
296	Mazzanti	https://www.dongchedi.com/auto/library-brand/296
297	MELKUS	https://www.dongchedi.com/auto/library-brand/297
298	LeSEE	https://www.dongchedi.com/auto/library-brand/298
299	nanoFLOWCELL	https://www.dongchedi.com/auto/library-brand/299
300	Vinfast	https://www.dongchedi.com/auto/library-brand/300
301	雷诺三星	https://www.dongchedi.com/auto/library-brand/301
302	银隆新能源	https://www.dongchedi.com/auto/library-brand/302
303	合创汽车	https://www.dongchedi.com/auto/library-brand/303
304	车驰汽车	https://www.dongchedi.com/auto/library-brand/304
305	Tramontana	https://www.dongchedi.com/auto/library-brand/305
306	谢尔比	https://www.dongchedi.com/auto/library-brand/306
307	英飒	https://www.dongchedi.com/auto/library-brand/307
308	远程汽车	https://www.dongchedi.com/auto/library-brand/308
309	领志	https://www.dongchedi.com/auto/library-brand/309
310	朗世	https://www.dongchedi.com/auto/library-brand/310
311	上海	https://www.dongchedi.com/auto/library-brand/311
312	Aurus	https://www.dongchedi.com/auto/library-brand/312
313	ATS	https://www.dongchedi.com/auto/library-brand/313
314	Agile Automotive	https://www.dongchedi.com/auto/library-brand/314
315	BAC	https://www.dongchedi.com/auto/library-brand/315
316	Conquest	https://www.dongchedi.com/auto/library-brand/316
317	FM Auto	https://www.dongchedi.com/auto/library-brand/317
318	Ginetta	https://www.dongchedi.com/auto/library-brand/318
320	GLM	https://www.dongchedi.com/auto/library-brand/320
321	GTA	https://www.dongchedi.com/auto/library-brand/321
322	Hispano Suiza	https://www.dongchedi.com/auto/library-brand/322
323	Inferno	https://www.dongchedi.com/auto/library-brand/323
324	LEVC翼真汽车	https://www.dongchedi.com/auto/library-brand/324
325	Lucid	https://www.dongchedi.com/auto/library-brand/325
327	MAGNA	https://www.dongchedi.com/auto/library-brand/327
329	Puritalia	https://www.dongchedi.com/auto/library-brand/329
330	RENOVO	https://www.dongchedi.com/auto/library-brand/330
331	SPIRRA	https://www.dongchedi.com/auto/library-brand/331
332	YAMAHA	https://www.dongchedi.com/auto/library-brand/332
333	斯太尔	https://www.dongchedi.com/auto/library-brand/333
334	比德文汽车	https://www.dongchedi.com/auto/library-brand/334
335	广通客车	https://www.dongchedi.com/auto/library-brand/335
336	AUXUN傲旋	https://www.dongchedi.com/auto/library-brand/336
337	De Tomaso	https://www.dongchedi.com/auto/library-brand/337
338	Sono Motors	https://www.dongchedi.com/auto/library-brand/338
339	Ultima	https://www.dongchedi.com/auto/library-brand/339
340	首望	https://www.dongchedi.com/auto/library-brand/340
341	Cupra	https://www.dongchedi.com/auto/library-brand/341
342	谷歌	https://www.dongchedi.com/auto/library-brand/342
343	汉龙汽车	https://www.dongchedi.com/auto/library-brand/343
344	星驰	https://www.dongchedi.com/auto/library-brand/344
345	Canoo	https://www.dongchedi.com/auto/library-brand/345
346	Bollinger	https://www.dongchedi.com/auto/library-brand/346
348	Uniti	https://www.dongchedi.com/auto/library-brand/348
349	迈迈	https://www.dongchedi.com/auto/library-brand/349
350	Karlmann King	https://www.dongchedi.com/auto/library-brand/350
351	Mahindra	https://www.dongchedi.com/auto/library-brand/351
352	罗孚	https://www.dongchedi.com/auto/library-brand/352
353	Drako	https://www.dongchedi.com/auto/library-brand/353
354	Jannarelly	https://www.dongchedi.com/auto/library-brand/354
355	开利	https://www.dongchedi.com/auto/library-brand/355
356	敏安汽车	https://www.dongchedi.com/auto/library-brand/356
357	欧联	https://www.dongchedi.com/auto/library-brand/357
358	Radical	https://www.dongchedi.com/auto/library-brand/358
359	Share2Drive	https://www.dongchedi.com/auto/library-brand/359
360	SIN CARS	https://www.dongchedi.com/auto/library-brand/360
361	TOROIDION	https://www.dongchedi.com/auto/library-brand/361
362	Vanda Electric	https://www.dongchedi.com/auto/library-brand/362
363	Neuron EV	https://www.dongchedi.com/auto/library-brand/363
364	Aspark	https://www.dongchedi.com/auto/library-brand/364
365	上喆	https://www.dongchedi.com/auto/library-brand/365
366	宝骏	https://www.dongchedi.com/auto/library-brand/366
367	一汽凌河	https://www.dongchedi.com/auto/library-brand/367
368	创维汽车	https://www.dongchedi.com/auto/library-brand/368
369	TOGG	https://www.dongchedi.com/auto/library-brand/369
370	SONY	https://www.dongchedi.com/auto/library-brand/370
371	Lordstown Motors	https://www.dongchedi.com/auto/library-brand/371
372	大运	https://www.dongchedi.com/auto/library-brand/372
373	东风富康	https://www.dongchedi.com/auto/library-brand/373
374	VANTAS	https://www.dongchedi.com/auto/library-brand/374
375	Troller	https://www.dongchedi.com/auto/library-brand/375
376	Czinger	https://www.dongchedi.com/auto/library-brand/376
377	瓦滋	https://www.dongchedi.com/auto/library-brand/377
378	Nikola	https://www.dongchedi.com/auto/library-brand/378
379	Vega Innovations	https://www.dongchedi.com/auto/library-brand/379
380	APEX	https://www.dongchedi.com/auto/library-brand/380
381	睿蓝汽车	https://www.dongchedi.com/auto/library-brand/381
383	金冠汽车	https://www.dongchedi.com/auto/library-brand/383
384	凌宝汽车	https://www.dongchedi.com/auto/library-brand/384
387	INKAS	https://www.dongchedi.com/auto/library-brand/387
388	IED	https://www.dongchedi.com/auto/library-brand/388
389	Triton	https://www.dongchedi.com/auto/library-brand/389
390	速达	https://www.dongchedi.com/auto/library-brand/390
391	Hudson	https://www.dongchedi.com/auto/library-brand/391
392	Elektron	https://www.dongchedi.com/auto/library-brand/392
393	英力士	https://www.dongchedi.com/auto/library-brand/393
394	英致汽车	https://www.dongchedi.com/auto/library-brand/394
395	岚图	https://www.dongchedi.com/auto/library-brand/395
396	神州	https://www.dongchedi.com/auto/library-brand/396
397	DAVID BROWN	https://www.dongchedi.com/auto/library-brand/397
398	IZERA	https://www.dongchedi.com/auto/library-brand/398
399	恒驰	https://www.dongchedi.com/auto/library-brand/399
400	GMA	https://www.dongchedi.com/auto/library-brand/400
401	飞凡汽车	https://www.dongchedi.com/auto/library-brand/401
402	Ariel	https://www.dongchedi.com/auto/library-brand/402
403	Hyperion	https://www.dongchedi.com/auto/library-brand/403
404	飞碟汽车	https://www.dongchedi.com/auto/library-brand/404
405	克蒂汽车	https://www.dongchedi.com/auto/library-brand/405
406	Touring Superleggera	https://www.dongchedi.com/auto/library-brand/406
407	北汽泰普	https://www.dongchedi.com/auto/library-brand/407
408	松散机车	https://www.dongchedi.com/auto/library-brand/408
410	晓澳汽车	https://www.dongchedi.com/auto/library-brand/410
411	比克汽车	https://www.dongchedi.com/auto/library-brand/411
412	LUMMA	https://www.dongchedi.com/auto/library-brand/412
413	华晨新日	https://www.dongchedi.com/auto/library-brand/413
414	摩登汽车	https://www.dongchedi.com/auto/library-brand/414
415	龙程汽车	https://www.dongchedi.com/auto/library-brand/415
416	WALD	https://www.dongchedi.com/auto/library-brand/416
417	东风纳米	https://www.dongchedi.com/auto/library-brand/417
418	宏远汽车	https://www.dongchedi.com/auto/library-brand/418
419	智己汽车	https://www.dongchedi.com/auto/library-brand/419
420	朋克汽车	https://www.dongchedi.com/auto/library-brand/420
421	橙仕	https://www.dongchedi.com/auto/library-brand/421
423	G-POWER	https://www.dongchedi.com/auto/library-brand/423
424	Novitec	https://www.dongchedi.com/auto/library-brand/424
425	坦克	https://www.dongchedi.com/auto/library-brand/425
426	极氪	https://www.dongchedi.com/auto/library-brand/426
427	dÄHLer	https://www.dongchedi.com/auto/library-brand/427
429	小虎	https://www.dongchedi.com/auto/library-brand/429
431	阿莫迪罗	https://www.dongchedi.com/auto/library-brand/431
432	NEXT LEVEL	https://www.dongchedi.com/auto/library-brand/432
433	GUNTHER WERKS	https://www.dongchedi.com/auto/library-brand/433
434	Spofec	https://www.dongchedi.com/auto/library-brand/434
435	奇鲁汽车	https://www.dongchedi.com/auto/library-brand/435
436	VIRITECH	https://www.dongchedi.com/auto/library-brand/436
437	HOFELE	https://www.dongchedi.com/auto/library-brand/437
438	Kimera	https://www.dongchedi.com/auto/library-brand/438
439	雅升汽车	https://www.dongchedi.com/auto/library-brand/439
441	恒润汽车	https://www.dongchedi.com/auto/library-brand/441
442	Pogea Racing	https://www.dongchedi.com/auto/library-brand/442
443	Manhart	https://www.dongchedi.com/auto/library-brand/443
444	北汽瑞翔	https://www.dongchedi.com/auto/library-brand/444
445	GEMBALLA	https://www.dongchedi.com/auto/library-brand/445
446	易电易行	https://www.dongchedi.com/auto/library-brand/446
448	Posaidon	https://www.dongchedi.com/auto/library-brand/448
450	TopCar	https://www.dongchedi.com/auto/library-brand/450
451	电动屋	https://www.dongchedi.com/auto/library-brand/451
452	Bowler	https://www.dongchedi.com/auto/library-brand/452
453	RAM	https://www.dongchedi.com/auto/library-brand/453
454	申龙客车	https://www.dongchedi.com/auto/library-brand/454
455	Mobilize	https://www.dongchedi.com/auto/library-brand/455
456	E-Legend	https://www.dongchedi.com/auto/library-brand/456
457	KHANN	https://www.dongchedi.com/auto/library-brand/457
458	Continental	https://www.dongchedi.com/auto/library-brand/458
459	百智新能源	https://www.dongchedi.com/auto/library-brand/459
460	G&B Design	https://www.dongchedi.com/auto/library-brand/460
461	奇瑞新能源	https://www.dongchedi.com/auto/library-brand/461
462	法诺新能源	https://www.dongchedi.com/auto/library-brand/462
463	上汽集团	https://www.dongchedi.com/auto/library-brand/463
464	MILITEM	https://www.dongchedi.com/auto/library-brand/464
465	智点汽车	https://www.dongchedi.com/auto/library-brand/465
466	Foxtron	https://www.dongchedi.com/auto/library-brand/466
467	莱茵汽车	https://www.dongchedi.com/auto/library-brand/467
468	中植汽车	https://www.dongchedi.com/auto/library-brand/468
469	华梓汽车	https://www.dongchedi.com/auto/library-brand/469
470	凯马汽车	https://www.dongchedi.com/auto/library-brand/470
472	EdisonFuture	https://www.dongchedi.com/auto/library-brand/472
473	Spyros Panopoulos	https://www.dongchedi.com/auto/library-brand/473
474	Aviar	https://www.dongchedi.com/auto/library-brand/474
475	阿维塔	https://www.dongchedi.com/auto/library-brand/475
476	Atlis	https://www.dongchedi.com/auto/library-brand/476
477	新吉奥汽车	https://www.dongchedi.com/auto/library-brand/477
478	沙龙汽车	https://www.dongchedi.com/auto/library-brand/478
480	伟昊汽车	https://www.dongchedi.com/auto/library-brand/480
481	WayRay	https://www.dongchedi.com/auto/library-brand/481
482	克慕勒	https://www.dongchedi.com/auto/library-brand/482
483	AITO	https://www.dongchedi.com/auto/library-brand/483
484	智行盒子	https://www.dongchedi.com/auto/library-brand/484
485	自游家	https://www.dongchedi.com/auto/library-brand/485
486	嘉远汽车	https://www.dongchedi.com/auto/library-brand/486
487	Moke	https://www.dongchedi.com/auto/library-brand/487
488	INDI	https://www.dongchedi.com/auto/library-brand/488
489	极越	https://www.dongchedi.com/auto/library-brand/489
490	悠跑科技	https://www.dongchedi.com/auto/library-brand/490
491	STI	https://www.dongchedi.com/auto/library-brand/491
502	庞蒂亚克	https://www.dongchedi.com/auto/library-brand/502
506	国新新能源	https://www.dongchedi.com/auto/library-brand/506
507	宝能汽车	https://www.dongchedi.com/auto/library-brand/507
508	LIMGENE凌际	https://www.dongchedi.com/auto/library-brand/508
509	DEUS Automobiles	https://www.dongchedi.com/auto/library-brand/509
510	智锐汽车	https://www.dongchedi.com/auto/library-brand/510
511	Aznom	https://www.dongchedi.com/auto/library-brand/511
512	江淮瑞风	https://www.dongchedi.com/auto/library-brand/512
513	焜驰	https://www.dongchedi.com/auto/library-brand/513
515	深蓝汽车	https://www.dongchedi.com/auto/library-brand/515
516	金杯新能源	https://www.dongchedi.com/auto/library-brand/516
517	Lightyear	https://www.dongchedi.com/auto/library-brand/517
518	拓锐斯特	https://www.dongchedi.com/auto/library-brand/518
520	华人运通	https://www.dongchedi.com/auto/library-brand/520
521	东风氢舟	https://www.dongchedi.com/auto/library-brand/521
522	Electra Meccanica	https://www.dongchedi.com/auto/library-brand/522
523	Delage	https://www.dongchedi.com/auto/library-brand/523
524	Radford	https://www.dongchedi.com/auto/library-brand/524
526	百度Apollo	https://www.dongchedi.com/auto/library-brand/526
527	猛士	https://www.dongchedi.com/auto/library-brand/527
528	万象汽车	https://www.dongchedi.com/auto/library-brand/528
529	Meyers Manx	https://www.dongchedi.com/auto/library-brand/529
530	远航汽车	https://www.dongchedi.com/auto/library-brand/530
531	华夏领舰	https://www.dongchedi.com/auto/library-brand/531
532	江南汽车	https://www.dongchedi.com/auto/library-brand/532
533	AEHRA	https://www.dongchedi.com/auto/library-brand/533
534	小跑车	https://www.dongchedi.com/auto/library-brand/534
535	小米汽车	https://www.dongchedi.com/auto/library-brand/535
536	越界	https://www.dongchedi.com/auto/library-brand/536
537	NamX	https://www.dongchedi.com/auto/library-brand/537
538	Abarth	https://www.dongchedi.com/auto/library-brand/538
539	Alpine	https://www.dongchedi.com/auto/library-brand/539
540	悠宝利	https://www.dongchedi.com/auto/library-brand/540
541	e.GO	https://www.dongchedi.com/auto/library-brand/541
542	Hopium	https://www.dongchedi.com/auto/library-brand/542
543	XEV	https://www.dongchedi.com/auto/library-brand/543
544	迈越	https://www.dongchedi.com/auto/library-brand/544
545	BeyonCa	https://www.dongchedi.com/auto/library-brand/545
546	仰望	https://www.dongchedi.com/auto/library-brand/546
548	LIUX	https://www.dongchedi.com/auto/library-brand/548
549	Alpha Motor	https://www.dongchedi.com/auto/library-brand/549
550	777 Motors	https://www.dongchedi.com/auto/library-brand/550
551	大力牛魔王	https://www.dongchedi.com/auto/library-brand/551
553	金琥新能源	https://www.dongchedi.com/auto/library-brand/553
556	Munro	https://www.dongchedi.com/auto/library-brand/556
557	Praga	https://www.dongchedi.com/auto/library-brand/557
558	盛唐	https://www.dongchedi.com/auto/library-brand/558
559	国吉商用车	https://www.dongchedi.com/auto/library-brand/559
560	Bertone	https://www.dongchedi.com/auto/library-brand/560
561	阿尔特	https://www.dongchedi.com/auto/library-brand/561
563	AFEELA	https://www.dongchedi.com/auto/library-brand/563
569	瑞腾汽车	https://www.dongchedi.com/auto/library-brand/569
570	Vanwall	https://www.dongchedi.com/auto/library-brand/570
855	未奥汽车	https://www.dongchedi.com/auto/library-brand/855
856	中国重汽	https://www.dongchedi.com/auto/library-brand/856
858	吉利银河	https://www.dongchedi.com/auto/library-brand/858
861	方程豹	https://www.dongchedi.com/auto/library-brand/861
865	雷驰汽车	https://www.dongchedi.com/auto/library-brand/865
867	曹操汽车	https://www.dongchedi.com/auto/library-brand/867
868	蓝电	https://www.dongchedi.com/auto/library-brand/868
870	长安启源	https://www.dongchedi.com/auto/library-brand/870
871	江淮钇为	https://www.dongchedi.com/auto/library-brand/871
873	AC Cars	https://www.dongchedi.com/auto/library-brand/873
876	活越	https://www.dongchedi.com/auto/library-brand/876
877	菱势汽车	https://www.dongchedi.com/auto/library-brand/877
878	ROX极石	https://www.dongchedi.com/auto/library-brand/878
879	AIM	https://www.dongchedi.com/auto/library-brand/879
880	广汽昊铂	https://www.dongchedi.com/auto/library-brand/880
882	江淮汽车	https://www.dongchedi.com/auto/library-brand/882
883	智界	https://www.dongchedi.com/auto/library-brand/883
886	佳跃	https://www.dongchedi.com/auto/library-brand/886
887	Theon Design	https://www.dongchedi.com/auto/library-brand/887
888	Fresco	https://www.dongchedi.com/auto/library-brand/888
890	Bizzarrini	https://www.dongchedi.com/auto/library-brand/890
891	东风奕派	https://www.dongchedi.com/auto/library-brand/891
901	灵悉	https://www.dongchedi.com/auto/library-brand/901
904	恒信致远	https://www.dongchedi.com/auto/library-brand/904
905	江铃晶马汽车	https://www.dongchedi.com/auto/library-brand/905
906	巴菲特	https://www.dongchedi.com/auto/library-brand/906
907	3D Design	https://www.dongchedi.com/auto/library-brand/907
908	怡亚通	https://www.dongchedi.com/auto/library-brand/908
909	iCAR	https://www.dongchedi.com/auto/library-brand/909
910	吉祥汽车	https://www.dongchedi.com/auto/library-brand/910
911	珑致汽车	https://www.dongchedi.com/auto/library-brand/911
912	REVO ZERO	https://www.dongchedi.com/auto/library-brand/912
915	Micro	https://www.dongchedi.com/auto/library-brand/915
916	Silence	https://www.dongchedi.com/auto/library-brand/916
917	THK	https://www.dongchedi.com/auto/library-brand/917
918	乐道	https://www.dongchedi.com/auto/library-brand/918
920	小鹏汇天	https://www.dongchedi.com/auto/library-brand/920
921	Mullen	https://www.dongchedi.com/auto/library-brand/921
922	世极	https://www.dongchedi.com/auto/library-brand/922
925	水星	https://www.dongchedi.com/auto/library-brand/925
931	享界	https://www.dongchedi.com/auto/library-brand/931
938	烨	https://www.dongchedi.com/auto/library-brand/938
939	JAECOO	https://www.dongchedi.com/auto/library-brand/939
10012	212	https://www.dongchedi.com/auto/library-brand/10012
10291	Red Bull	https://www.dongchedi.com/auto/library-brand/10291
10293	尊界	https://www.dongchedi.com/auto/library-brand/10293
10294	览众房车	https://www.dongchedi.com/auto/library-brand/10294
10295	新星房车	https://www.dongchedi.com/auto/library-brand/10295
10296	七狼房车	https://www.dongchedi.com/auto/library-brand/10296
10297	瑞弗	https://www.dongchedi.com/auto/library-brand/10297
10298	威尔特芬	https://www.dongchedi.com/auto/library-brand/10298
10299	KALMAR	https://www.dongchedi.com/auto/library-brand/10299
10300	戴德房车	https://www.dongchedi.com/auto/library-brand/10300
10301	隆翠房车	https://www.dongchedi.com/auto/library-brand/10301
10302	江铃旅居房车	https://www.dongchedi.com/auto/library-brand/10302
10303	齐星房车	https://www.dongchedi.com/auto/library-brand/10303
10304	星海狮	https://www.dongchedi.com/auto/library-brand/10304
10305	中房房车	https://www.dongchedi.com/auto/library-brand/10305
10307	皓旅房车	https://www.dongchedi.com/auto/library-brand/10307
10308	赛德房车	https://www.dongchedi.com/auto/library-brand/10308
10309	歌睿途	https://www.dongchedi.com/auto/library-brand/10309
10311	大驰房车	https://www.dongchedi.com/auto/library-brand/10311
10314	易游房车	https://www.dongchedi.com/auto/library-brand/10314
10315	骐蔚汽车	https://www.dongchedi.com/auto/library-brand/10315
10316	尚旅房车	https://www.dongchedi.com/auto/library-brand/10316
10318	Lion-Peugeot	https://www.dongchedi.com/auto/library-brand/10318
10319	De Dion-Bouton	https://www.dongchedi.com/auto/library-brand/10319
10320	Maxwell	https://www.dongchedi.com/auto/library-brand/10320
10321	Schacht	https://www.dongchedi.com/auto/library-brand/10321
10322	International Harvester	https://www.dongchedi.com/auto/library-brand/10322
10323	Napier	https://www.dongchedi.com/auto/library-brand/10323
10324	Minerva	https://www.dongchedi.com/auto/library-brand/10324
10325	Saxon	https://www.dongchedi.com/auto/library-brand/10325
10326	Swift	https://www.dongchedi.com/auto/library-brand/10326
10327	Isotta Fraschini	https://www.dongchedi.com/auto/library-brand/10327
10328	Packard	https://www.dongchedi.com/auto/library-brand/10328
10329	Edsel	https://www.dongchedi.com/auto/library-brand/10329
10332	Scout	https://www.dongchedi.com/auto/library-brand/10332
10334	阿娜亚	https://www.dongchedi.com/auto/library-brand/10334
10337	AIXAM	https://www.dongchedi.com/auto/library-brand/10337
10338	利吉尔	https://www.dongchedi.com/auto/library-brand/10338
10339	KILOW	https://www.dongchedi.com/auto/library-brand/10339
10340	Devalliet	https://www.dongchedi.com/auto/library-brand/10340
10341	DEVINCI	https://www.dongchedi.com/auto/library-brand/10341
10342	星军房车	https://www.dongchedi.com/auto/library-brand/10342
10343	亚特房车	https://www.dongchedi.com/auto/library-brand/10343
10344	爱旅房车	https://www.dongchedi.com/auto/library-brand/10344
10345	旅美房车	https://www.dongchedi.com/auto/library-brand/10345
10348	途酷房车	https://www.dongchedi.com/auto/library-brand/10348
10352	旌航房车	https://www.dongchedi.com/auto/library-brand/10352
10354	宽大房车	https://www.dongchedi.com/auto/library-brand/10354
10360	赛家房车	https://www.dongchedi.com/auto/library-brand/10360
10362	奥迪AUDI	https://www.dongchedi.com/auto/library-brand/10362
10363	firefly萤火虫	https://www.dongchedi.com/auto/library-brand/10363
10364	Nilu	https://www.dongchedi.com/auto/library-brand/10364
10402	予风汽车	https://www.dongchedi.com/auto/library-brand/10402
10403	卡文汽车	https://www.dongchedi.com/auto/library-brand/10403
10404	骏驰	https://www.dongchedi.com/auto/library-brand/10404
10405	ZOOX	https://www.dongchedi.com/auto/library-brand/10405
10406	Vanderhal	https://www.dongchedi.com/auto/library-brand/10406
10407	Aptera	https://www.dongchedi.com/auto/library-brand/10407
10408	Faraday X	https://www.dongchedi.com/auto/library-brand/10408
10409	奇瑞风云	https://www.dongchedi.com/auto/library-brand/10409
10410	示界	https://www.dongchedi.com/auto/library-brand/10410
10419	尚界	https://www.dongchedi.com/auto/library-brand/10419
10420	富古汽车	https://www.dongchedi.com/auto/library-brand/10420
10422	Giamaro	https://www.dongchedi.com/auto/library-brand/10422
10423	Bovensiepen	https://www.dongchedi.com/auto/library-brand/10423
10424	礼骊汽车	https://www.dongchedi.com/auto/library-brand/10424
10425	捷途山海	https://www.dongchedi.com/auto/library-brand/10425
10427	中通客车	https://www.dongchedi.com/auto/library-brand/10427
10428	货拉拉多拉	https://www.dongchedi.com/auto/library-brand/10428
10429	捷途纵横	https://www.dongchedi.com/auto/library-brand/10429
10430	普曼·巅峰	https://www.dongchedi.com/auto/library-brand/10430
10431	追觅	https://www.dongchedi.com/auto/library-brand/10431
10433	埃尚	https://www.dongchedi.com/auto/library-brand/10433
10434	启境	https://www.dongchedi.com/auto/library-brand/10434
10435	扎加托	https://www.dongchedi.com/auto/library-brand/10435
10437	夏普	https://www.dongchedi.com/auto/library-brand/10437
